client_idx,strategy_idx,is_match
0,1849,1
0,258,0
0,943,0
0,776,0
0,349,0
0,738,0
1,1574,1
1,279,0
1,1582,0
1,1747,0
1,635,0
1,1039,0
2,982,1
2,1958,0
2,405,0
2,1955,0
2,1381,0
2,248,0
3,1368,1
3,887,0
3,1405,0
3,270,0
3,1977,0
3,1224,0
4,1619,1
4,1488,0
4,1599,0
4,1858,0
4,1873,0
4,25,0
5,982,1
5,1400,0
5,1215,0
5,842,0
5,384,0
5,487,0
6,739,1
6,1244,0
6,1812,0
6,147,0
6,1108,0
6,636,0
7,1451,1
7,797,0
7,1858,0
7,156,0
7,971,0
7,545,0
8,1807,1
8,546,0
8,1110,0
8,953,0
8,1856,0
8,338,0
9,1183,1
9,1257,0
9,795,0
9,813,0
9,1544,0
9,981,0
10,1574,1
10,1969,0
10,1636,0
10,1361,0
10,837,0
10,1864,0
11,982,1
11,812,0
11,57,0
11,1437,0
11,1050,0
11,979,0
12,1368,1
12,1283,0
12,134,0
12,869,0
12,1301,0
12,1021,0
13,1673,1
13,45,0
13,193,0
13,8,0
13,661,0
13,270,0
14,1807,1
14,586,0
14,427,0
14,111,0
14,588,0
14,1755,0
15,1442,1
15,221,0
15,1664,0
15,425,0
15,1229,0
15,318,0
16,1619,1
16,215,0
16,1360,0
16,230,0
16,1337,0
16,61,0
17,982,1
17,65,0
17,844,0
17,990,0
17,743,0
17,1076,0
18,1886,1
18,259,0
18,554,0
18,776,0
18,75,0
18,1570,0
19,1027,1
19,1959,0
19,834,0
19,859,0
19,411,0
19,1538,0
20,1585,1
20,1548,0
20,842,0
20,1473,0
20,434,0
20,1827,0
21,1849,1
21,924,0
21,92,0
21,591,0
21,1870,0
21,460,0
22,1843,1
22,1083,0
22,1266,0
22,845,0
22,350,0
22,32,0
23,1955,1
23,734,0
23,992,0
23,1437,0
23,1655,0
23,1254,0
24,1849,1
24,1392,0
24,763,0
24,1442,0
24,742,0
24,463,0
25,1525,1
25,711,0
25,822,0
25,304,0
25,905,0
25,920,0
26,982,1
26,1104,0
26,1252,0
26,1325,0
26,64,0
26,1532,0
27,97,1
27,1283,0
27,739,0
27,1142,0
27,1242,0
27,1523,0
28,1574,1
28,1673,0
28,1093,0
28,1044,0
28,25,0
28,210,0
29,1585,1
29,1974,0
29,768,0
29,1696,0
29,1973,0
29,1729,0
30,1442,1
30,961,0
30,1868,0
30,1109,0
30,1112,0
30,1482,0
31,1574,1
31,1969,0
31,415,0
31,304,0
31,1343,0
31,344,0
32,982,1
32,501,0
32,1478,0
32,1881,0
32,373,0
32,847,0
33,1849,1
33,73,0
33,1072,0
33,1812,0
33,704,0
33,1959,0
34,1619,1
34,156,0
34,879,0
34,1599,0
34,1794,0
34,1538,0
35,427,1
35,1663,0
35,1181,0
35,1515,0
35,471,0
35,1069,0
36,1886,1
36,758,0
36,1072,0
36,1294,0
36,525,0
36,482,0
37,711,1
37,674,0
37,20,0
37,526,0
37,1253,0
37,987,0
38,982,1
38,1441,0
38,960,0
38,405,0
38,138,0
38,1746,0
39,689,1
39,1960,0
39,388,0
39,1553,0
39,182,0
39,1730,0
40,711,1
40,1488,0
40,1784,0
40,156,0
40,258,0
40,1353,0
41,982,1
41,1991,0
41,438,0
41,1437,0
41,450,0
41,854,0
42,739,1
42,1542,0
42,677,0
42,106,0
42,251,0
42,1457,0
43,1574,1
43,1895,0
43,193,0
43,896,0
43,1405,0
43,1891,0
44,1585,1
44,1722,0
44,768,0
44,1844,0
44,1159,0
44,995,0
45,1886,1
45,1146,0
45,1461,0
45,1294,0
45,297,0
45,275,0
46,1619,1
46,489,0
46,378,0
46,215,0
46,578,0
46,1479,0
47,1315,1
47,731,0
47,1807,0
47,1515,0
47,588,0
47,931,0
48,1442,1
48,980,0
48,1516,0
48,1942,0
48,952,0
48,1155,0
49,1574,1
49,1488,0
49,1932,0
49,304,0
49,973,0
49,60,0
50,1807,1
50,814,0
50,731,0
50,649,0
50,461,0
50,1892,0
51,517,1
51,1479,0
51,1109,0
51,1683,0
51,1927,0
51,113,0
52,1027,1
52,1858,0
52,8,0
52,57,0
52,1986,0
52,1882,0
53,142,1
53,658,0
53,1473,0
53,68,0
53,422,0
53,496,0
54,1886,1
54,480,0
54,887,0
54,536,0
54,1536,0
54,648,0
55,1574,1
55,464,0
55,1821,0
55,82,0
55,758,0
55,654,0
56,734,1
56,1400,0
56,1141,0
56,1221,0
56,1433,0
56,681,0
57,739,1
57,943,0
57,1357,0
57,1054,0
57,1523,0
57,1074,0
58,1019,1
58,1204,0
58,1582,0
58,1527,0
58,1865,0
58,1743,0
59,1585,1
59,993,0
59,1325,0
59,1252,0
59,841,0
59,572,0
60,739,1
60,406,0
60,763,0
60,1799,0
60,1958,0
60,1375,0
61,1451,1
61,1784,0
61,1488,0
61,933,0
61,319,0
61,1653,0
62,982,1
62,1139,0
62,1400,0
62,1955,0
62,866,0
62,1379,0
63,776,1
63,837,0
63,1868,0
63,906,0
63,316,0
63,645,0
64,1619,1
64,1266,0
64,933,0
64,1007,0
64,1902,0
64,615,0
65,1807,1
65,547,0
65,546,0
65,1030,0
65,706,0
65,1439,0
66,1910,1
66,1466,0
66,97,0
66,1664,0
66,761,0
66,964,0
67,1619,1
67,489,0
67,1007,0
67,785,0
67,128,0
67,998,0
68,982,1
68,549,0
68,1034,0
68,845,0
68,792,0
68,868,0
69,1442,1
69,887,0
69,813,0
69,295,0
69,1792,0
69,1425,0
70,1619,1
70,1118,0
70,748,0
70,1414,0
70,1642,0
70,1861,0
71,982,1
71,1944,0
71,1247,0
71,797,0
71,1201,0
71,1855,0
72,739,1
72,111,0
72,92,0
72,1406,0
72,335,0
72,1432,0
73,1619,1
73,1880,0
73,193,0
73,1377,0
73,1088,0
73,60,0
74,1722,1
74,1252,0
74,1500,0
74,1426,0
74,1228,0
74,1899,0
75,97,1
75,1283,0
75,1170,0
75,1246,0
75,1408,0
75,53,0
76,1619,1
76,1229,0
76,378,0
76,600,0
76,173,0
76,640,0
77,982,1
77,990,0
77,1944,0
77,438,0
77,1966,0
77,634,0
78,1442,1
78,1331,0
78,480,0
78,332,0
78,1746,0
78,72,0
79,20,1
79,711,0
79,812,0
79,1858,0
79,1756,0
79,1010,0
80,1585,1
80,68,0
80,1769,0
80,1548,0
80,3,0
80,1634,0
81,1886,1
81,1776,0
81,1554,0
81,1295,0
81,1980,0
81,941,0
82,1843,1
82,1278,0
82,1969,0
82,1959,0
82,1538,0
82,227,0
83,1770,1
83,990,0
83,472,0
83,1250,0
83,348,0
83,1927,0
84,1886,1
84,1146,0
84,1054,0
84,1294,0
84,464,0
84,1277,0
85,1619,1
85,1710,0
85,933,0
85,156,0
85,321,0
85,1059,0
86,1807,1
86,1659,0
86,427,0
86,956,0
86,201,0
86,1987,0
87,1331,1
87,1318,0
87,758,0
87,573,0
87,601,0
87,1944,0
88,1525,1
88,378,0
88,1044,0
88,1599,0
88,1505,0
88,1109,0
89,734,1
89,1722,0
89,990,0
89,1696,0
89,810,0
89,508,0
90,443,1
90,554,0
90,536,0
90,850,0
90,1210,0
90,378,0
91,1574,1
91,1044,0
91,1229,0
91,427,0
91,1577,0
91,1532,0
92,390,1
92,1955,0
92,287,0
92,546,0
92,1409,0
92,995,0
93,739,1
93,23,0
93,258,0
93,406,0
93,1648,0
93,1681,0
94,1969,1
94,378,0
94,1932,0
94,785,0
94,1818,0
94,1300,0
95,982,1
95,1696,0
95,1101,0
95,1473,0
95,375,0
95,1818,0
96,1664,1
96,110,0
96,924,0
96,73,0
96,360,0
96,46,0
97,415,1
97,1619,0
97,230,0
97,1414,0
97,123,0
97,1004,0
98,390,1
98,1955,0
98,956,0
98,1621,0
98,1698,0
98,1756,0
99,554,1
99,813,0
99,221,0
99,381,0
99,377,0
99,1130,0
100,1619,1
100,252,0
100,1241,0
100,1027,0
100,1022,0
100,1738,0
101,982,1
101,797,0
101,1548,0
101,1944,0
101,1853,0
101,1914,0
102,739,1
102,1998,0
102,122,0
102,943,0
102,1457,0
102,175,0
103,1451,1
103,131,0
103,362,0
103,1130,0
103,543,0
103,513,0
104,1585,1
104,1252,0
104,1955,0
104,546,0
104,397,0
104,188,0
105,406,1
105,1942,0
105,1498,0
105,332,0
105,593,0
105,1005,0
106,1619,1
106,267,0
106,156,0
106,1562,0
106,1394,0
106,350,0
107,1141,1
107,364,0
107,993,0
107,1769,0
107,921,0
107,783,0
108,1664,1
108,73,0
108,1313,0
108,1294,0
108,323,0
108,1478,0
109,1619,1
109,452,0
109,1377,0
109,1007,0
109,1273,0
109,905,0
110,390,1
110,1110,0
110,1288,0
110,1844,0
110,1196,0
110,1914,0
111,517,1
111,1627,0
111,541,0
111,850,0
111,1019,0
111,626,0
112,1619,1
112,879,0
112,1414,0
112,156,0
112,134,0
112,1355,0
113,1585,1
113,68,0
113,660,0
113,734,0
113,1285,0
113,524,0
114,1368,1
114,1405,0
114,443,0
114,110,0
114,316,0
114,260,0
115,1574,1
115,1414,0
115,1989,0
115,1251,0
115,1111,0
115,761,0
116,1807,1
116,1622,0
116,1659,0
116,1361,0
116,387,0
116,1386,0
117,1442,1
117,1331,0
117,1701,0
117,147,0
117,1303,0
117,804,0
118,1843,1
118,1067,0
118,1103,0
118,57,0
118,1830,0
118,369,0
119,390,1
119,1954,0
119,881,0
119,1480,0
119,1300,0
119,301,0
120,1886,1
120,1498,0
120,110,0
120,1442,0
120,1718,0
120,452,0
121,1619,1
121,1081,0
121,378,0
121,304,0
121,887,0
121,128,0
122,390,1
122,1548,0
122,1955,0
122,1241,0
122,1672,0
122,1624,0
123,517,1
123,1831,0
123,425,0
123,1627,0
123,1740,0
123,1399,0
124,1619,1
124,1574,0
124,1858,0
124,1167,0
124,174,0
124,1273,0
125,390,1
125,1066,0
125,1663,0
125,398,0
125,1113,0
125,1041,0
126,591,1
126,1165,0
126,813,0
126,1146,0
126,908,0
126,632,0
127,822,1
127,67,0
127,1414,0
127,1192,0
127,194,0
127,1643,0
128,982,1
128,1329,0
128,1733,0
128,1626,0
128,1978,0
128,1986,0
129,1627,1
129,776,0
129,369,0
129,184,0
129,434,0
129,1684,0
130,1619,1
130,1673,0
130,1858,0
130,1377,0
130,876,0
130,311,0
131,982,1
131,501,0
131,1626,0
131,1437,0
131,745,0
131,334,0
132,1849,1
132,1960,0
132,1054,0
132,776,0
132,682,0
132,780,0
133,711,1
133,82,0
133,1722,0
133,970,0
133,1401,0
133,1486,0
134,734,1
134,401,0
134,1250,0
134,1472,0
134,1100,0
134,1670,0
135,1035,1
135,1720,0
135,727,0
135,60,0
135,841,0
135,1074,0
136,1619,1
136,1784,0
136,748,0
136,1488,0
136,985,0
136,134,0
137,1722,1
137,1955,0
137,760,0
137,1215,0
137,153,0
137,646,0
138,739,1
138,73,0
138,60,0
138,1614,0
138,1866,0
138,368,0
139,1619,1
139,1081,0
139,1784,0
139,637,0
139,1986,0
139,200,0
140,1585,1
140,1034,0
140,1400,0
140,546,0
140,1005,0
140,77,0
141,739,1
141,258,0
141,122,0
141,393,0
141,1593,0
141,1564,0
142,1525,1
142,711,0
142,674,0
142,1685,0
142,18,0
142,1461,0
143,549,1
143,364,0
143,1288,0
143,185,0
143,1211,0
143,151,0
144,1442,1
144,1960,0
144,425,0
144,1479,0
144,390,0
144,164,0
145,1574,1
145,464,0
145,279,0
145,156,0
145,1466,0
145,74,0
146,1585,1
146,842,0
146,768,0
146,1066,0
146,81,0
146,477,0
147,739,1
147,980,0
147,513,0
147,110,0
147,1523,0
147,446,0
148,415,1
148,748,0
148,119,0
148,785,0
148,73,0
148,1179,0
149,1955,1
149,1696,0
149,1473,0
149,102,0
149,1238,0
149,1122,0
150,1017,1
150,37,0
150,1109,0
150,1590,0
150,334,0
150,1303,0
151,711,1
151,748,0
151,304,0
151,1843,0
151,1062,0
151,1466,0
152,734,1
152,1065,0
152,1104,0
152,768,0
152,1522,0
152,1489,0
153,739,1
153,106,0
153,735,0
153,122,0
153,186,0
153,528,0
154,1451,1
154,886,0
154,501,0
154,442,0
154,1491,0
154,1791,0
155,1974,1
155,901,0
155,1160,0
155,1123,0
155,1670,0
155,1376,0
156,739,1
156,1170,0
156,1318,0
156,980,0
156,1149,0
156,397,0
157,1167,1
157,1266,0
157,501,0
157,1398,0
157,1950,0
157,1031,0
158,1863,1
158,649,0
158,552,0
158,589,0
158,1609,0
158,610,0
159,1183,1
159,1831,0
159,1350,0
159,887,0
159,415,0
159,1527,0
160,1574,1
160,748,0
160,1192,0
160,1315,0
160,856,0
160,1849,0
161,1807,1
161,1110,0
161,649,0
161,1066,0
161,891,0
161,86,0
162,517,1
162,850,0
162,1479,0
162,615,0
162,760,0
162,1476,0
163,1451,1
163,1044,0
163,1340,0
163,1636,0
163,1393,0
163,1808,0
164,1807,1
164,575,0
164,326,0
164,1907,0
164,928,0
164,821,0
165,739,1
165,1947,0
165,1602,0
165,813,0
165,1042,0
165,211,0
166,1525,1
166,1118,0
166,933,0
166,785,0
166,496,0
166,1586,0
167,1585,1
167,956,0
167,1770,0
167,808,0
167,1820,0
167,239,0
168,1664,1
168,1960,0
168,258,0
168,1429,0
168,1631,0
168,16,0
169,919,1
169,1696,0
169,1325,0
169,1252,0
169,535,0
169,1088,0
170,1955,1
170,1696,0
170,1759,0
170,945,0
170,1270,0
170,1688,0
171,739,1
171,110,0
171,1882,0
171,1542,0
171,194,0
171,50,0
172,1619,1
172,193,0
172,156,0
172,563,0
172,202,0
172,1497,0
173,1955,1
173,1473,0
173,185,0
173,179,0
173,930,0
173,477,0
174,1627,1
174,1720,0
174,332,0
174,1368,0
174,192,0
174,599,0
175,1619,1
175,489,0
175,1488,0
175,230,0
175,795,0
175,1865,0
176,734,1
176,1584,0
176,962,0
176,364,0
176,1920,0
176,1117,0
177,406,1
177,1405,0
177,110,0
177,1812,0
177,372,0
177,297,0
178,1451,1
178,738,0
178,845,0
178,501,0
178,1869,0
178,1481,0
179,1585,1
179,390,0
179,253,0
179,1288,0
179,1987,0
179,17,0
180,739,1
180,887,0
180,393,0
180,1910,0
180,1835,0
180,750,0
181,1619,1
181,1056,0
181,45,0
181,230,0
181,492,0
181,418,0
182,982,1
182,1437,0
182,1722,0
182,185,0
182,1359,0
182,1365,0
183,1331,1
183,1627,0
183,924,0
183,1276,0
183,823,0
183,1163,0
184,1619,1
184,859,0
184,230,0
184,1821,0
184,1165,0
184,208,0
185,142,1
185,105,0
185,1472,0
185,1252,0
185,1402,0
185,271,0
186,1442,1
186,1942,0
186,536,0
186,1553,0
186,1964,0
186,242,0
187,1673,1
187,1747,0
187,1969,0
187,205,0
187,122,0
187,607,0
188,1585,1
188,806,0
188,1473,0
188,512,0
188,336,0
188,905,0
189,1627,1
189,591,0
189,221,0
189,517,0
189,1766,0
189,1816,0
190,1574,1
190,953,0
190,1693,0
190,82,0
190,3,0
190,165,0
191,427,1
191,398,0
191,938,0
191,1110,0
191,715,0
191,867,0
192,1664,1
192,906,0
192,1886,0
192,110,0
192,405,0
192,1352,0
193,1451,1
193,797,0
193,1067,0
193,131,0
193,1642,0
193,271,0
194,734,1
194,962,0
194,1759,0
194,808,0
194,266,0
194,27,0
195,1910,1
195,1565,0
195,1035,0
195,122,0
195,516,0
195,1564,0
196,1619,1
196,1895,0
196,711,0
196,1545,0
196,385,0
196,758,0
197,1974,1
197,1530,0
197,1352,0
197,1567,0
197,1634,0
197,715,0
198,739,1
198,1935,0
198,1202,0
198,987,0
198,877,0
198,164,0
199,1843,1
199,1673,0
199,1027,0
199,1192,0
199,1273,0
199,11,0
200,1585,1
200,658,0
200,1325,0
200,1288,0
200,1026,0
200,1261,0
201,1849,1
201,554,0
201,1109,0
201,221,0
201,1666,0
201,149,0
202,1843,1
202,1398,0
202,304,0
202,1879,0
202,465,0
202,1312,0
203,623,1
203,982,0
203,770,0
203,1546,0
203,51,0
203,930,0
204,1886,1
204,1942,0
204,1923,0
204,776,0
204,225,0
204,748,0
205,1619,1
205,1155,0
205,464,0
205,193,0
205,1979,0
205,55,0
206,982,1
206,1813,0
206,1944,0
206,74,0
206,1645,0
206,488,0
207,554,1
207,869,0
207,122,0
207,240,0
207,1885,0
207,1814,0
208,1619,1
208,1414,0
208,1167,0
208,1636,0
208,948,0
208,1725,0
209,390,1
209,316,0
209,289,0
209,1974,0
209,567,0
209,138,0
210,739,1
210,735,0
210,1276,0
210,726,0
210,931,0
210,960,0
211,1619,1
211,230,0
211,1056,0
211,341,0
211,1902,0
211,1984,0
212,1585,1
212,1104,0
212,1770,0
212,1722,0
212,151,0
212,530,0
213,406,1
213,1257,0
213,1276,0
213,499,0
213,225,0
213,534,0
214,415,1
214,919,0
214,341,0
214,1673,0
214,924,0
214,136,0
215,1807,1
215,1695,0
215,279,0
215,399,0
215,1645,0
215,1966,0
216,554,1
216,1072,0
216,1110,0
216,258,0
216,1372,0
216,1482,0
217,1619,1
217,1710,0
217,82,0
217,970,0
217,418,0
217,1189,0
218,1585,1
218,1104,0
218,660,0
218,179,0
218,3,0
218,1263,0
219,739,1
219,758,0
219,1849,0
219,1664,0
219,405,0
219,1259,0
220,1574,1
220,1693,0
220,452,0
220,304,0
220,998,0
220,1744,0
221,982,1
221,1626,0
221,74,0
221,1252,0
221,456,0
221,488,0
222,1886,1
222,295,0
222,924,0
222,1997,0
222,1330,0
222,849,0
223,1574,1
223,1414,0
223,1858,0
223,1081,0
223,1091,0
223,1540,0
224,982,1
224,438,0
224,327,0
224,740,0
224,1532,0
224,127,0
225,1664,1
225,906,0
225,813,0
225,110,0
225,1298,0
225,891,0
226,1619,1
226,415,0
226,327,0
226,1841,0
226,1275,0
226,1246,0
227,623,1
227,659,0
227,511,0
227,1546,0
227,641,0
227,40,0
228,1886,1
228,850,0
228,906,0
228,591,0
228,1055,0
228,1444,0
229,1574,1
229,378,0
229,563,0
229,1784,0
229,3,0
229,1014,0
230,142,1
230,777,0
230,1286,0
230,68,0
230,635,0
230,80,0
231,1183,1
231,1479,0
231,665,0
231,837,0
231,796,0
231,1488,0
232,1574,1
232,1969,0
232,156,0
232,45,0
232,321,0
232,572,0
233,142,1
233,1992,0
233,438,0
233,1955,0
233,286,0
233,1904,0
234,517,1
234,369,0
234,689,0
234,1868,0
234,20,0
234,1487,0
235,1027,1
235,362,0
235,437,0
235,834,0
235,1201,0
235,210,0
236,734,1
236,1621,0
236,1844,0
236,1034,0
236,1846,0
236,1644,0
237,1627,1
237,924,0
237,1424,0
237,406,0
237,923,0
237,693,0
238,1574,1
238,45,0
238,279,0
238,731,0
238,263,0
238,829,0
239,1863,1
239,1730,0
239,642,0
239,908,0
239,1939,0
239,1085,0
240,739,1
240,1905,0
240,1651,0
240,240,0
240,1981,0
240,532,0
241,1027,1
241,1858,0
241,1398,0
241,1326,0
241,1912,0
241,617,0
242,982,1
242,1696,0
242,185,0
242,1944,0
242,1396,0
242,1047,0
243,739,1
243,1565,0
243,554,0
243,1170,0
243,922,0
243,1752,0
244,1619,1
244,1167,0
244,1414,0
244,1451,0
244,258,0
244,1318,0
245,1955,1
245,290,0
245,1400,0
245,205,0
245,375,0
245,451,0
246,1664,1
246,536,0
246,1405,0
246,763,0
246,118,0
246,1083,0
247,1619,1
247,378,0
247,1155,0
247,674,0
247,1771,0
247,906,0
248,1955,1
248,65,0
248,1027,0
248,1362,0
248,619,0
248,746,0
249,1627,1
249,1923,0
249,998,0
249,1683,0
249,1932,0
249,80,0
250,1619,1
250,1266,0
250,879,0
250,1192,0
250,97,0
250,1902,0
251,390,1
251,1955,0
251,1863,0
251,568,0
251,33,0
251,551,0
252,1886,1
252,1942,0
252,1498,0
252,1109,0
252,1520,0
252,410,0
253,1451,1
253,1007,0
253,1821,0
253,879,0
253,772,0
253,1912,0
254,1585,1
254,1955,0
254,881,0
254,1325,0
254,1744,0
254,1719,0
255,1627,1
255,1923,0
255,776,0
255,1387,0
255,1718,0
255,1089,0
256,1619,1
256,452,0
256,1932,0
256,1488,0
256,1454,0
256,869,0
257,1955,1
257,142,0
257,733,0
257,1733,0
257,1100,0
257,336,0
258,443,1
258,1738,0
258,406,0
258,1873,0
258,1666,0
258,1555,0
259,1574,1
259,1340,0
259,1204,0
259,82,0
259,1754,0
259,1448,0
260,982,1
260,990,0
260,1067,0
260,1027,0
260,424,0
260,1709,0
261,1664,1
261,652,0
261,1405,0
261,924,0
261,705,0
261,1536,0
262,1619,1
262,8,0
262,748,0
262,1599,0
262,1017,0
262,1053,0
263,427,1
263,1414,0
263,156,0
263,526,0
263,314,0
263,397,0
264,1886,1
264,1072,0
264,1128,0
264,1146,0
264,1116,0
264,723,0
265,1619,1
265,1278,0
265,8,0
265,1821,0
265,728,0
265,652,0
266,982,1
266,1770,0
266,844,0
266,364,0
266,717,0
266,1497,0
267,1849,1
267,1072,0
267,1516,0
267,1054,0
267,130,0
267,88,0
268,1619,1
268,1673,0
268,1784,0
268,1599,0
268,128,0
268,856,0
269,1585,1
269,623,0
269,142,0
269,1141,0
269,1668,0
269,212,0
270,887,1
270,1405,0
270,1257,0
270,1627,0
270,1018,0
270,889,0
271,711,1
271,1155,0
271,600,0
271,1784,0
271,173,0
271,371,0
272,1585,1
272,438,0
272,1621,0
272,178,0
272,1987,0
272,1090,0
273,517,1
273,332,0
273,1960,0
273,480,0
273,376,0
273,1819,0
274,711,1
274,452,0
274,526,0
274,674,0
274,1374,0
274,1312,0
275,1585,1
275,1289,0
275,546,0
275,1252,0
275,1929,0
275,190,0
276,1627,1
276,369,0
276,1664,0
276,1146,0
276,1043,0
276,1002,0
277,1843,1
277,20,0
277,1266,0
277,1959,0
277,1873,0
277,1949,0
278,1585,1
278,808,0
278,1722,0
278,512,0
278,710,0
278,1041,0
279,1849,1
279,36,0
279,906,0
279,776,0
279,1741,0
279,1636,0
280,1619,1
280,267,0
280,1895,0
280,1969,0
280,498,0
280,1498,0
281,1811,1
281,1953,0
281,1406,0
281,953,0
281,1335,0
281,354,0
282,443,1
282,1849,0
282,1461,0
282,36,0
282,748,0
282,1126,0
283,1027,1
283,1266,0
283,1101,0
283,1694,0
283,1808,0
283,763,0
284,982,1
284,1362,0
284,844,0
284,327,0
284,900,0
284,1381,0
285,591,1
285,1775,0
285,1479,0
285,1664,0
285,90,0
285,331,0
286,1843,1
286,8,0
286,82,0
286,378,0
286,754,0
286,92,0
287,590,1
287,845,0
287,1108,0
287,834,0
287,1618,0
287,122,0
288,1886,1
288,1923,0
288,147,0
288,1313,0
288,898,0
288,149,0
289,859,1
289,1192,0
289,563,0
289,970,0
289,1088,0
289,1128,0
290,1955,1
290,1326,0
290,770,0
290,768,0
290,1966,0
290,720,0
291,1886,1
291,702,0
291,517,0
291,961,0
291,682,0
291,262,0
292,1619,1
292,933,0
292,1821,0
292,711,0
292,1986,0
292,1461,0
293,734,1
293,768,0
293,548,0
293,660,0
293,523,0
293,249,0
294,1142,1
294,617,0
294,670,0
294,727,0
294,1457,0
294,1513,0
295,1619,1
295,1969,0
295,326,0
295,1414,0
295,1558,0
295,1151,0
296,982,1
296,990,0
296,962,0
296,733,0
296,423,0
296,1254,0
297,1886,1
297,1461,0
297,628,0
297,1429,0
297,75,0
297,598,0
298,859,1
298,304,0
298,1821,0
298,378,0
298,1127,0
298,529,0
299,1974,1
299,716,0
299,1810,0
299,161,0
299,1489,0
299,543,0
300,1442,1
300,837,0
300,1923,0
300,1738,0
300,969,0
300,1889,0
301,711,1
301,674,0
301,1266,0
301,1747,0
301,1849,0
301,1566,0
302,549,1
302,844,0
302,1400,0
302,185,0
302,1709,0
302,1233,0
303,1664,1
303,1498,0
303,1627,0
303,813,0
303,767,0
303,1951,0
304,1619,1
304,1932,0
304,156,0
304,1488,0
304,1608,0
304,496,0
305,982,1
305,405,0
305,74,0
305,1813,0
305,1904,0
305,1374,0
306,406,1
306,1960,0
306,443,0
306,1498,0
306,275,0
306,1311,0
307,1619,1
307,748,0
307,1451,0
307,1488,0
307,1794,0
307,739,0
308,479,1
308,945,0
308,1789,0
308,649,0
308,1668,0
308,1124,0
309,739,1
309,134,0
309,1947,0
309,987,0
309,877,0
309,7,0
310,1574,1
310,1636,0
310,1056,0
310,1895,0
310,402,0
310,1919,0
311,1730,1
311,30,0
311,1382,0
311,1591,0
311,1305,0
311,1247,0
312,1664,1
312,1942,0
312,924,0
312,295,0
312,775,0
312,131,0
313,1619,1
313,215,0
313,896,0
313,1599,0
313,36,0
313,129,0
314,1141,1
314,1066,0
314,1696,0
314,806,0
314,1682,0
314,1270,0
315,1442,1
315,147,0
315,184,0
315,1072,0
315,562,0
315,1071,0
316,1619,1
316,193,0
316,1858,0
316,563,0
316,254,0
316,1461,0
317,1585,1
317,185,0
317,771,0
317,1289,0
317,188,0
317,508,0
318,1627,1
318,1664,0
318,406,0
318,776,0
318,1746,0
318,1637,0
319,1027,1
319,1278,0
319,146,0
319,1759,0
319,321,0
319,503,0
320,390,1
320,993,0
320,1722,0
320,407,0
320,1513,0
320,477,0
321,1442,1
321,1368,0
321,36,0
321,1479,0
321,1113,0
321,1302,0
322,1843,1
322,859,0
322,1175,0
322,1991,0
322,578,0
322,971,0
323,982,1
323,364,0
323,808,0
323,1034,0
323,1862,0
323,1489,0
324,1886,1
324,1461,0
324,92,0
324,943,0
324,1524,0
324,672,0
325,1574,1
325,1229,0
325,1673,0
325,452,0
325,115,0
325,1133,0
326,1807,1
326,586,0
326,777,0
326,111,0
326,1977,0
326,24,0
327,499,1
327,259,0
327,1622,0
327,1886,0
327,1968,0
327,1675,0
328,1619,1
328,674,0
328,526,0
328,1167,0
328,535,0
328,381,0
329,1585,1
329,658,0
329,806,0
329,1954,0
329,1076,0
329,192,0
330,1627,1
330,369,0
330,295,0
330,388,0
330,564,0
330,1190,0
331,1574,1
331,1932,0
331,649,0
331,896,0
331,282,0
331,517,0
332,1722,1
332,438,0
332,1104,0
332,142,0
332,302,0
332,1819,0
333,1886,1
333,1405,0
333,1498,0
333,850,0
333,229,0
333,16,0
334,1574,1
334,45,0
334,1192,0
334,1693,0
334,644,0
334,1771,0
335,623,1
335,999,0
335,1435,0
335,370,0
335,551,0
335,804,0
336,1664,1
336,1294,0
336,1313,0
336,1392,0
336,316,0
336,1556,0
337,1574,1
337,526,0
337,785,0
337,1915,0
337,684,0
337,1387,0
338,1562,1
338,516,0
338,970,0
338,600,0
338,1973,0
338,1050,0
339,1849,1
339,270,0
339,628,0
339,591,0
339,1816,0
339,1499,0
340,1574,1
340,1056,0
340,1969,0
340,970,0
340,1017,0
340,609,0
341,982,1
341,215,0
341,659,0
341,808,0
341,493,0
341,310,0
342,739,1
342,987,0
342,1664,0
342,1368,0
342,1536,0
342,1305,0
343,919,1
343,1029,0
343,620,0
343,955,0
343,1909,0
343,302,0
344,982,1
344,808,0
344,770,0
344,1362,0
344,717,0
344,64,0
345,591,1
345,1479,0
345,1590,0
345,1868,0
345,223,0
345,1002,0
346,1969,1
346,1747,0
346,1056,0
346,1414,0
346,1886,0
346,476,0
347,623,1
347,353,0
347,917,0
347,1029,0
347,923,0
347,523,0
348,1886,1
348,480,0
348,1257,0
348,739,0
348,1499,0
348,1352,0
349,1619,1
349,1895,0
349,1821,0
349,1027,0
349,1956,0
349,646,0
350,1807,1
350,178,0
350,1907,0
350,1954,0
350,1264,0
350,784,0
351,739,1
351,1047,0
351,36,0
351,122,0
351,915,0
351,602,0
352,1619,1
352,1969,0
352,230,0
352,1488,0
352,535,0
352,942,0
353,1585,1
353,1473,0
353,364,0
353,1844,0
353,292,0
353,1302,0
354,1368,1
354,961,0
354,60,0
354,628,0
354,1856,0
354,787,0
355,1027,1
355,738,0
355,960,0
355,886,0
355,754,0
355,876,0
356,982,1
356,57,0
356,768,0
356,65,0
356,1642,0
356,1855,0
357,1886,1
357,924,0
357,480,0
357,1294,0
357,1570,0
357,816,0
358,1619,1
358,1192,0
358,1562,0
358,1574,0
358,1540,0
358,721,0
359,102,1
359,1944,0
359,1441,0
359,1694,0
359,1300,0
359,1651,0
360,1849,1
360,1794,0
360,924,0
360,961,0
360,1496,0
360,1755,0
361,859,1
361,82,0
361,1414,0
361,1784,0
361,1717,0
361,1458,0
362,982,1
362,370,0
362,1774,0
362,1981,0
362,1059,0
362,604,0
363,393,1
363,617,0
363,159,0
363,1616,0
363,1777,0
363,1626,0
364,1673,1
364,1044,0
364,1340,0
364,1574,0
364,1448,0
364,1238,0
365,1807,1
365,1992,0
365,1842,0
365,1693,0
365,1533,0
365,656,0
366,591,1
366,1165,0
366,1368,0
366,850,0
366,516,0
366,1075,0
367,1315,1
367,727,0
367,1811,0
367,626,0
367,715,0
367,462,0
368,1955,1
368,436,0
368,185,0
368,1584,0
368,1011,0
368,1376,0
369,295,1
369,1873,0
369,837,0
369,1072,0
369,1853,0
369,94,0
370,1843,1
370,1081,0
370,1414,0
370,82,0
370,321,0
370,1421,0
371,982,1
371,1955,0
371,549,0
371,1473,0
371,1089,0
371,1433,0
372,1664,1
372,1725,0
372,1516,0
372,1461,0
372,1186,0
372,1977,0
373,1619,1
373,1451,0
373,304,0
373,1398,0
373,25,0
373,903,0
374,1722,1
374,1585,0
374,945,0
374,327,0
374,1174,0
374,212,0
375,591,1
375,296,0
375,703,0
375,1294,0
375,1832,0
375,519,0
376,1619,1
376,1398,0
376,1377,0
376,526,0
376,874,0
376,1479,0
377,734,1
377,65,0
377,436,0
377,1585,0
377,323,0
377,736,0
378,295,1
378,1257,0
378,758,0
378,221,0
378,867,0
378,1149,0
379,1574,1
379,1303,0
379,711,0
379,1377,0
379,1861,0
379,624,0
380,734,1
380,1474,0
380,364,0
380,1325,0
380,757,0
380,604,0
381,1183,1
381,1350,0
381,1701,0
381,795,0
381,932,0
381,347,0
382,1044,1
382,341,0
382,526,0
382,119,0
382,1828,0
382,1645,0
383,1382,1
383,1181,0
383,552,0
383,1663,0
383,958,0
383,819,0
384,1849,1
384,1429,0
384,980,0
384,110,0
384,1413,0
384,631,0
385,1843,1
385,1241,0
385,442,0
385,1130,0
385,1162,0
385,1764,0
386,734,1
386,962,0
386,1362,0
386,1437,0
386,1080,0
386,1522,0
387,1849,1
387,1183,0
387,1442,0
387,1257,0
387,968,0
387,1594,0
388,1574,1
388,896,0
388,711,0
388,1858,0
388,1942,0
388,1236,0
389,623,1
389,808,0
389,437,0
389,549,0
389,225,0
389,1522,0
390,739,1
390,227,0
390,911,0
390,727,0
390,599,0
390,1427,0
391,1843,1
391,1804,0
391,65,0
391,28,0
391,1799,0
391,1238,0
392,1585,1
392,1140,0
392,1178,0
392,777,0
392,1164,0
392,857,0
393,1331,1
393,573,0
393,134,0
393,763,0
393,46,0
393,1420,0
394,1619,1
394,20,0
394,879,0
394,1747,0
394,1442,0
394,920,0
395,1807,1
395,881,0
395,363,0
395,575,0
395,1124,0
395,1634,0
396,1886,1
396,1146,0
396,1405,0
396,684,0
396,1597,0
396,331,0
397,1619,1
397,1673,0
397,711,0
397,1081,0
397,1209,0
397,1522,0
398,1955,1
398,216,0
398,1991,0
398,1621,0
398,1756,0
398,804,0
399,1873,1
399,1466,0
399,134,0
399,1688,0
399,1932,0
399,637,0
400,1673,1
400,45,0
400,341,0
400,1340,0
400,1984,0
400,1461,0
401,390,1
401,568,0
401,67,0
401,908,0
401,1966,0
401,1415,0
402,739,1
402,1357,0
402,1331,0
402,1614,0
402,1305,0
402,902,0
403,1574,1
403,1537,0
403,1730,0
403,674,0
403,1172,0
403,300,0
404,1955,1
404,1400,0
404,290,0
404,1030,0
404,329,0
404,1973,0
405,1331,1
405,499,0
405,1794,0
405,1072,0
405,742,0
405,1852,0
406,415,1
406,267,0
406,1488,0
406,822,0
406,874,0
406,887,0
407,982,1
407,1456,0
407,945,0
407,1419,0
407,1698,0
407,749,0
408,1368,1
408,1516,0
408,1905,0
408,961,0
408,20,0
408,125,0
409,415,1
409,1710,0
409,970,0
409,1167,0
409,97,0
409,48,0
410,1722,1
410,737,0
410,479,0
410,1752,0
410,1041,0
410,155,0
411,1627,1
411,1664,0
411,1072,0
411,684,0
411,372,0
411,1931,0
412,1619,1
412,1858,0
412,1155,0
412,822,0
412,15,0
412,1939,0
413,390,1
413,1844,0
413,548,0
413,1622,0
413,905,0
413,1386,0
414,1664,1
414,1516,0
414,1072,0
414,480,0
414,1117,0
414,524,0
415,1611,1
415,1703,0
415,986,0
415,30,0
415,1765,0
415,707,0
416,1585,1
416,1400,0
416,215,0
416,555,0
416,863,0
416,340,0
417,1886,1
417,1165,0
417,184,0
417,665,0
417,1314,0
417,335,0
418,1027,1
418,146,0
418,378,0
418,637,0
418,1227,0
418,1976,0
419,982,1
419,74,0
419,797,0
419,738,0
419,527,0
419,440,0
420,739,1
420,221,0
420,499,0
420,295,0
420,933,0
420,1759,0
421,1843,1
421,1858,0
421,20,0
421,362,0
421,1905,0
421,1047,0
422,1141,1
422,68,0
422,1547,0
422,549,0
422,1496,0
422,656,0
423,1442,1
423,221,0
423,369,0
423,258,0
423,1996,0
423,118,0
424,1619,1
424,304,0
424,1784,0
424,1858,0
424,832,0
424,1528,0
425,623,1
425,1585,0
425,1326,0
425,102,0
425,582,0
425,1671,0
426,1849,1
426,1429,0
426,1276,0
426,591,0
426,753,0
426,1111,0
427,1451,1
427,1885,0
427,1774,0
427,960,0
427,1618,0
427,1495,0
428,1955,1
428,1584,0
428,511,0
428,1546,0
428,101,0
428,1967,0
429,1886,1
429,1498,0
429,1553,0
429,1923,0
429,822,0
429,497,0
430,1843,1
430,94,0
430,168,0
430,1101,0
430,1392,0
430,106,0
431,962,1
431,1770,0
431,437,0
431,1435,0
431,778,0
431,1201,0
432,1886,1
432,258,0
432,850,0
432,1868,0
432,1755,0
432,857,0
433,1027,1
433,1377,0
433,267,0
433,1636,0
433,1754,0
433,739,0
434,1585,1
434,438,0
434,1844,0
434,316,0
434,884,0
434,545,0
435,406,1
435,925,0
435,1405,0
435,628,0
435,360,0
435,460,0
436,1619,1
436,1229,0
436,20,0
436,896,0
436,1660,0
436,702,0
437,390,1
437,438,0
437,1463,0
437,1241,0
437,915,0
437,989,0
438,517,1
438,1997,0
438,850,0
438,370,0
438,347,0
438,965,0
439,1619,1
439,1932,0
439,1710,0
439,1081,0
439,1956,0
439,1054,0
440,982,1
440,1478,0
440,1473,0
440,842,0
440,1150,0
440,16,0
441,1664,1
441,739,0
441,1516,0
441,1072,0
441,1564,0
441,1243,0
442,1843,1
442,156,0
442,1241,0
442,1710,0
442,1653,0
442,1374,0
443,982,1
443,1991,0
443,1715,0
443,1881,0
443,1283,0
443,334,0
444,1849,1
444,1128,0
444,369,0
444,221,0
444,1297,0
444,1777,0
445,1574,1
445,896,0
445,711,0
445,1081,0
445,354,0
445,1146,0
446,1722,1
446,1325,0
446,1548,0
446,57,0
446,1254,0
446,312,0
447,739,1
447,1054,0
447,987,0
447,122,0
447,133,0
447,1944,0
448,1574,1
448,304,0
448,341,0
448,1377,0
448,1606,0
448,1429,0
449,1807,1
449,649,0
449,512,0
449,1363,0
449,1233,0
449,130,0
450,739,1
450,1202,0
450,887,0
450,97,0
450,1408,0
450,709,0
451,1027,1
451,1398,0
451,842,0
451,267,0
451,334,0
451,1384,0
452,623,1
452,1510,0
452,74,0
452,1435,0
452,153,0
452,423,0
453,1849,1
453,1720,0
453,943,0
453,1910,0
453,155,0
453,1237,0
454,1451,1
454,1858,0
454,205,0
454,879,0
454,940,0
454,802,0
455,142,1
455,289,0
455,438,0
455,549,0
455,387,0
455,1016,0
456,1886,1
456,295,0
456,925,0
456,1516,0
456,1376,0
456,853,0
457,1619,1
457,933,0
457,1710,0
457,1784,0
457,862,0
457,609,0
458,1722,1
458,1900,0
458,590,0
458,1937,0
458,634,0
458,1365,0
459,1910,1
459,1072,0
459,1431,0
459,393,0
459,1376,0
459,408,0
460,1619,1
460,8,0
460,1562,0
460,1266,0
460,1949,0
460,1051,0
461,982,1
461,966,0
461,215,0
461,1759,0
461,868,0
461,967,0
462,1442,1
462,1313,0
462,517,0
462,795,0
462,830,0
462,710,0
463,1619,1
463,8,0
463,674,0
463,1398,0
463,1646,0
463,1170,0
464,982,1
464,1881,0
464,975,0
464,1510,0
464,708,0
464,302,0
465,1442,1
465,776,0
465,1942,0
465,443,0
465,81,0
465,120,0
466,1843,1
466,1155,0
466,1192,0
466,8,0
466,210,0
466,987,0
467,1811,1
467,664,0
467,330,0
467,67,0
467,187,0
467,1911,0
468,1664,1
468,1429,0
468,221,0
468,147,0
468,722,0
468,452,0
469,1599,1
469,1821,0
469,1932,0
469,834,0
469,1061,0
469,670,0
470,734,1
470,205,0
470,842,0
470,871,0
470,86,0
470,1534,0
471,591,1
471,1590,0
471,1942,0
471,443,0
471,923,0
471,225,0
472,1619,1
472,896,0
472,1303,0
472,1192,0
472,1195,0
472,276,0
473,1141,1
473,918,0
473,1954,0
473,1547,0
473,165,0
473,1381,0
474,735,1
474,903,0
474,814,0
474,513,0
474,590,0
474,257,0
475,1451,1
475,452,0
475,1044,0
475,1414,0
475,1128,0
475,1090,0
476,390,1
476,289,0
476,1796,0
476,1844,0
476,496,0
476,1680,0
477,1627,1
477,887,0
477,1553,0
477,1461,0
477,571,0
477,150,0
478,1619,1
478,1488,0
478,1093,0
478,1562,0
478,62,0
478,1793,0
479,1585,1
479,1844,0
479,808,0
479,1473,0
479,49,0
479,1411,0
480,1849,1
480,1461,0
480,1442,0
480,110,0
480,557,0
480,1687,0
481,1619,1
481,304,0
481,156,0
481,1377,0
481,11,0
481,332,0
482,142,1
482,881,0
482,290,0
482,1696,0
482,1026,0
482,338,0
483,629,1
483,1480,0
483,1509,0
483,148,0
483,1314,0
483,1649,0
484,1619,1
484,119,0
484,1377,0
484,415,0
484,587,0
484,1010,0
485,1585,1
485,1289,0
485,289,0
485,1326,0
485,1106,0
485,487,0
486,739,1
486,628,0
486,813,0
486,1035,0
486,1255,0
486,1340,0
487,1619,1
487,304,0
487,1426,0
487,82,0
487,1688,0
487,1905,0
488,142,1
488,731,0
488,1881,0
488,1659,0
488,831,0
488,693,0
489,1849,1
489,628,0
489,1942,0
489,92,0
489,1925,0
489,852,0
490,563,1
490,1130,0
490,1969,0
490,748,0
490,1294,0
490,1986,0
491,590,1
491,1971,0
491,1478,0
491,420,0
491,1596,0
491,538,0
492,1886,1
492,147,0
492,924,0
492,591,0
492,75,0
492,417,0
493,859,1
493,1562,0
493,82,0
493,563,0
493,1105,0
493,850,0
494,982,1
494,834,0
494,437,0
494,1101,0
494,225,0
494,1642,0
495,1442,1
495,1165,0
495,536,0
495,1664,0
495,1154,0
495,1302,0
496,1574,1
496,1685,0
496,341,0
496,1155,0
496,54,0
496,1905,0
497,390,1
497,1796,0
497,586,0
497,1548,0
497,868,0
497,831,0
498,739,1
498,887,0
498,406,0
498,1170,0
498,1626,0
498,1367,0
499,711,1
499,1340,0
499,452,0
499,526,0
499,106,0
499,1642,0
500,734,1
500,1141,0
500,316,0
500,205,0
500,1159,0
500,754,0
501,1849,1
501,1720,0
501,443,0
501,221,0
501,352,0
501,722,0
502,1574,1
502,637,0
502,326,0
502,67,0
502,1121,0
502,922,0
503,1585,1
503,289,0
503,1252,0
503,808,0
503,525,0
503,1152,0
504,1664,1
504,1331,0
504,1429,0
504,1498,0
504,1710,0
504,1191,0
505,1843,1
505,251,0
505,1192,0
505,1266,0
505,720,0
505,134,0
506,734,1
506,962,0
506,733,0
506,253,0
506,746,0
506,1122,0
507,739,1
507,1720,0
507,159,0
507,60,0
507,408,0
507,797,0
508,1619,1
508,1932,0
508,1636,0
508,919,0
508,1720,0
508,755,0
509,734,1
509,1400,0
509,1733,0
509,1325,0
509,1644,0
509,1692,0
510,1220,1
510,1146,0
510,1997,0
510,221,0
510,39,0
510,1462,0
511,1619,1
511,215,0
511,156,0
511,1907,0
511,836,0
511,1586,0
512,390,1
512,1474,0
512,734,0
512,871,0
512,1374,0
512,1032,0
513,739,1
513,1905,0
513,240,0
513,1812,0
513,1483,0
513,1570,0
514,1574,1
514,8,0
514,1619,0
514,1710,0
514,432,0
514,1164,0
515,982,1
515,37,0
515,353,0
515,999,0
515,1946,0
515,64,0
516,406,1
516,147,0
516,1109,0
516,258,0
516,1083,0
516,1118,0
517,1574,1
517,1673,0
517,82,0
517,1895,0
517,1343,0
517,432,0
518,1807,1
518,399,0
518,664,0
518,1406,0
518,419,0
518,989,0
519,739,1
519,728,0
519,763,0
519,1627,0
519,447,0
519,241,0
520,1619,1
520,1027,0
520,822,0
520,1636,0
520,1088,0
520,1495,0
521,1807,1
521,953,0
521,664,0
521,178,0
521,40,0
521,276,0
522,591,1
522,1146,0
522,795,0
522,850,0
522,150,0
522,265,0
523,1451,1
523,859,0
523,886,0
523,1774,0
523,311,0
523,42,0
524,390,1
524,1066,0
524,1974,0
524,68,0
524,1041,0
524,5,0
525,1664,1
525,1498,0
525,1429,0
525,800,0
525,608,0
525,242,0
526,1599,1
526,501,0
526,1130,0
526,945,0
526,763,0
526,1905,0
527,734,1
527,1696,0
527,1241,0
527,57,0
527,1892,0
527,451,0
528,1886,1
528,1498,0
528,1405,0
528,924,0
528,1113,0
528,1182,0
529,1574,1
529,1463,0
529,711,0
529,1071,0
529,134,0
529,443,0
530,623,1
530,1437,0
530,1696,0
530,1881,0
530,101,0
530,54,0
531,739,1
531,122,0
531,1331,0
531,1794,0
531,886,0
531,1513,0
532,1619,1
532,1599,0
532,1101,0
532,1241,0
532,1975,0
532,1310,0
533,1807,1
533,575,0
533,289,0
533,731,0
533,1396,0
533,1420,0
534,517,1
534,536,0
534,388,0
534,1868,0
534,1080,0
534,135,0
535,1574,1
535,908,0
535,933,0
535,1784,0
535,147,0
535,529,0
536,390,1
536,649,0
536,1252,0
536,1147,0
536,1106,0
536,1827,0
537,1368,1
537,36,0
537,628,0
537,1283,0
537,1745,0
537,1483,0
538,1574,1
538,1093,0
538,1056,0
538,600,0
538,258,0
538,1395,0
539,1811,1
539,1575,0
539,58,0
539,383,0
539,1781,0
539,1004,0
540,1442,1
540,258,0
540,702,0
540,906,0
540,1000,0
540,1488,0
541,1451,1
541,1241,0
541,1067,0
541,1971,0
541,854,0
541,1276,0
542,1585,1
542,1770,0
542,1547,0
542,104,0
542,1596,0
542,471,0
543,406,1
543,258,0
543,1054,0
543,1776,0
543,1371,0
543,1987,0
544,1843,1
544,1451,0
544,45,0
544,378,0
544,763,0
544,321,0
545,734,1
545,548,0
545,1473,0
545,844,0
545,1237,0
545,123,0
546,591,1
546,1165,0
546,221,0
546,906,0
546,635,0
546,1496,0
547,822,1
547,1044,0
547,343,0
547,1915,0
547,689,0
547,299,0
548,1585,1
548,65,0
548,68,0
548,1474,0
548,313,0
548,1714,0
549,739,1
549,97,0
549,1318,0
549,1614,0
549,877,0
549,601,0
550,1619,1
550,215,0
550,711,0
550,341,0
550,729,0
550,1327,0
551,1399,1
551,735,0
551,953,0
551,1147,0
551,413,0
551,229,0
552,739,1
552,1910,0
552,443,0
552,763,0
552,1430,0
552,410,0
553,822,1
553,1414,0
553,156,0
553,1488,0
553,344,0
553,839,0
554,390,1
554,1066,0
554,956,0
554,925,0
554,301,0
554,891,0
555,1627,1
555,1128,0
555,1516,0
555,1923,0
555,1074,0
555,1753,0
556,1619,1
556,1747,0
556,919,0
556,45,0
556,1364,0
556,381,0
557,734,1
557,327,0
557,1065,0
557,1437,0
557,1344,0
557,264,0
558,739,1
558,758,0
558,1170,0
558,887,0
558,20,0
558,1404,0
559,1574,1
559,378,0
559,341,0
559,267,0
559,1645,0
559,125,0
560,1585,1
560,1141,0
560,1992,0
560,1473,0
560,1939,0
560,80,0
561,1183,1
561,684,0
561,1701,0
561,1165,0
561,516,0
561,1784,0
562,1619,1
562,1747,0
562,193,0
562,82,0
562,994,0
562,174,0
563,1663,1
563,1737,0
563,760,0
563,1863,0
563,1298,0
563,615,0
564,1442,1
564,73,0
564,1368,0
564,1849,0
564,1174,0
564,1737,0
565,1619,1
565,711,0
565,1044,0
565,1081,0
565,369,0
565,1421,0
566,623,1
566,659,0
566,1362,0
566,57,0
566,1672,0
566,85,0
567,1479,1
567,1923,0
567,1812,0
567,1757,0
567,1803,0
567,1274,0
568,1619,1
568,1858,0
568,230,0
568,1229,0
568,543,0
568,122,0
569,734,1
569,871,0
569,768,0
569,1241,0
569,1124,0
569,1624,0
570,1886,1
570,1165,0
570,1812,0
570,1368,0
570,1681,0
570,968,0
571,1574,1
571,1611,0
571,1056,0
571,1659,0
571,1239,0
571,1680,0
572,734,1
572,1696,0
572,390,0
572,1548,0
572,27,0
572,1446,0
573,739,1
573,73,0
573,1794,0
573,1142,0
573,528,0
573,793,0
574,563,1
574,1426,0
574,886,0
574,1843,0
574,578,0
574,1306,0
575,390,1
575,918,0
575,289,0
575,407,0
575,1857,0
575,1048,0
576,1442,1
576,1165,0
576,1516,0
576,776,0
576,1470,0
576,1746,0
577,711,1
577,1636,0
577,919,0
577,1229,0
577,240,0
577,1172,0
578,353,1
578,1870,0
578,999,0
578,1981,0
578,1238,0
578,523,0
579,111,1
579,363,0
579,1461,0
579,694,0
579,93,0
579,1922,0
580,1619,1
580,1821,0
580,1007,0
580,1907,0
580,1824,0
580,1875,0
581,1881,1
581,289,0
581,1362,0
581,1474,0
581,271,0
581,863,0
582,1442,1
582,591,0
582,480,0
582,776,0
582,1359,0
582,331,0
583,1019,1
583,822,0
583,411,0
583,908,0
583,1273,0
583,1867,0
584,390,1
584,438,0
584,1622,0
584,1844,0
584,1124,0
584,1680,0
585,943,1
585,1276,0
585,728,0
585,443,0
585,849,0
585,1482,0
586,1619,1
586,45,0
586,82,0
586,1488,0
586,1025,0
586,572,0
587,1315,1
587,1114,0
587,279,0
587,423,0
587,1078,0
587,791,0
588,1664,1
588,1313,0
588,1429,0
588,795,0
588,557,0
588,94,0
589,1574,1
589,1562,0
589,1710,0
589,1071,0
589,1529,0
589,332,0
590,1955,1
590,548,0
590,1474,0
590,1585,0
590,202,0
590,345,0
591,739,1
591,980,0
591,887,0
591,1910,0
591,183,0
591,1449,0
592,859,1
592,896,0
592,1858,0
592,1895,0
592,535,0
592,51,0
593,1585,1
593,1288,0
593,390,0
593,1844,0
593,1568,0
593,625,0
594,406,1
594,332,0
594,1812,0
594,536,0
594,852,0
594,1647,0
595,131,1
595,1991,0
595,205,0
595,1278,0
595,1072,0
595,573,0
596,734,1
596,1548,0
596,1584,0
596,842,0
596,794,0
596,79,0
597,1442,1
597,985,0
597,874,0
597,998,0
597,1149,0
597,1153,0
598,859,1
598,1414,0
598,1821,0
598,896,0
598,1202,0
598,1875,0
599,623,1
599,185,0
599,842,0
599,1437,0
599,914,0
599,1119,0
600,1849,1
600,1461,0
600,1442,0
600,1873,0
600,1977,0
600,828,0
601,1619,1
601,1858,0
601,1303,0
601,20,0
601,1306,0
601,1059,0
602,982,1
602,1067,0
602,1552,0
602,962,0
602,1170,0
602,708,0
603,1886,1
603,850,0
603,1479,0
603,147,0
603,1977,0
603,1742,0
604,1619,1
604,1562,0
604,156,0
604,452,0
604,1239,0
604,1059,0
605,390,1
605,882,0
605,1659,0
605,1907,0
605,1857,0
605,6,0
606,1849,1
606,1442,0
606,739,0
606,147,0
606,413,0
606,131,0
607,1599,1
607,1278,0
607,1932,0
607,933,0
607,670,0
607,1262,0
608,1585,1
608,1473,0
608,472,0
608,1066,0
608,1717,0
608,118,0
609,406,1
609,850,0
609,887,0
609,1276,0
609,1914,0
609,760,0
610,1619,1
610,1118,0
610,1303,0
610,563,0
610,1873,0
610,52,0
611,1955,1
611,1027,0
611,205,0
611,1696,0
611,1930,0
611,715,0
612,1849,1
612,536,0
612,240,0
612,1498,0
612,1186,0
612,464,0
613,1574,1
613,896,0
613,1932,0
613,20,0
613,1244,0
613,839,0
614,549,1
614,1584,0
614,1472,0
614,105,0
614,1455,0
614,336,0
615,1442,1
615,1738,0
615,985,0
615,665,0
615,1840,0
615,127,0
616,1619,1
616,1414,0
616,20,0
616,415,0
616,89,0
616,1313,0
617,1722,1
617,1648,0
617,925,0
617,1981,0
617,747,0
617,905,0
618,1664,1
618,906,0
618,924,0
618,628,0
618,1297,0
618,452,0
619,1619,1
619,1858,0
619,879,0
619,156,0
619,846,0
619,1313,0
620,982,1
620,1030,0
620,327,0
620,871,0
620,1756,0
620,477,0
621,1627,1
621,517,0
621,1498,0
621,536,0
621,1330,0
621,1416,0
622,1619,1
622,1303,0
622,230,0
622,859,0
622,1535,0
622,402,0
623,1811,1
623,407,0
623,814,0
623,106,0
623,164,0
623,521,0
624,1849,1
624,1553,0
624,92,0
624,628,0
624,278,0
624,1293,0
625,415,1
625,1118,0
625,1081,0
625,1562,0
625,1405,0
625,73,0
626,982,1
626,797,0
626,1478,0
626,1500,0
626,113,0
626,313,0
627,295,1
627,1331,0
627,11,0
627,665,0
627,1556,0
627,1962,0
628,1619,1
628,1303,0
628,933,0
628,1081,0
628,1836,0
628,1794,0
629,390,1
629,1992,0
629,1585,0
629,364,0
629,1561,0
629,1217,0
630,1849,1
630,147,0
630,499,0
630,1054,0
630,645,0
630,154,0
631,1673,1
631,1574,0
631,1241,0
631,1821,0
631,424,0
631,1812,0
632,1585,1
632,1584,0
632,1881,0
632,1722,0
632,1374,0
632,1161,0
633,1664,1
633,924,0
633,1109,0
633,1910,0
633,1388,0
633,488,0
634,1574,1
634,1056,0
634,785,0
634,1157,0
634,1405,0
634,1387,0
635,1811,1
635,1730,0
635,206,0
635,1575,0
635,1643,0
635,1662,0
636,1368,1
636,240,0
636,924,0
636,1498,0
636,1235,0
636,1371,0
637,1619,1
637,1562,0
637,1414,0
637,1969,0
637,208,0
637,332,0
638,1585,1
638,105,0
638,327,0
638,289,0
638,1598,0
638,523,0
639,1110,1
639,1887,0
639,0,0
639,1953,0
639,1260,0
639,95,0
640,1027,1
640,267,0
640,933,0
640,1932,0
640,1976,0
640,980,0
641,623,1
641,1584,0
641,993,0
641,215,0
641,1300,0
641,757,0
642,1183,1
642,1627,0
642,1701,0
642,1257,0
642,817,0
642,908,0
643,1619,1
643,1398,0
643,1192,0
643,1488,0
643,1072,0
643,1232,0
644,390,1
644,326,0
644,178,0
644,1289,0
644,486,0
644,1862,0
645,1886,1
645,887,0
645,1942,0
645,943,0
645,968,0
645,521,0
646,1843,1
646,252,0
646,251,0
646,8,0
646,239,0
646,307,0
647,1722,1
647,57,0
647,72,0
647,1012,0
647,1988,0
647,619,0
648,1886,1
648,795,0
648,1368,0
648,591,0
648,38,0
648,1005,0
649,1619,1
649,1907,0
649,1093,0
649,1155,0
649,1335,0
649,977,0
650,1585,1
650,472,0
650,1584,0
650,1992,0
650,1413,0
650,857,0
651,1627,1
651,776,0
651,1368,0
651,1331,0
651,1631,0
651,417,0
652,1619,1
652,1821,0
652,45,0
652,1636,0
652,1318,0
652,1717,0
653,1019,1
653,411,0
653,178,0
653,479,0
653,447,0
653,1978,0
654,1442,1
654,1313,0
654,1109,0
654,850,0
654,1081,0
654,1741,0
655,45,1
655,711,0
655,1266,0
655,919,0
655,227,0
655,1209,0
656,734,1
656,327,0
656,1548,0
656,1696,0
656,1337,0
656,1927,0
657,1664,1
657,924,0
657,1498,0
657,1627,0
657,39,0
657,1666,0
658,1619,1
658,1843,0
658,600,0
658,1673,0
658,1491,0
658,1935,0
659,1811,1
659,664,0
659,383,0
659,1851,0
659,517,0
659,1843,0
660,1442,1
660,850,0
660,314,0
660,758,0
660,1190,0
660,267,0
661,711,1
661,1932,0
661,879,0
661,896,0
661,1606,0
661,829,0
662,142,1
662,68,0
662,479,0
662,1286,0
662,384,0
662,1224,0
663,943,1
663,1072,0
663,1849,0
663,11,0
663,1983,0
663,1968,0
664,1451,1
664,1932,0
664,1969,0
664,267,0
664,319,0
664,432,0
665,1807,1
665,1998,0
665,363,0
665,1844,0
665,486,0
665,693,0
666,517,1
666,1516,0
666,1609,0
666,1572,0
666,27,0
666,1481,0
667,1619,1
667,970,0
667,1784,0
667,1952,0
667,654,0
667,1294,0
668,1585,1
668,806,0
668,1696,0
668,555,0
668,893,0
668,1237,0
669,1442,1
669,813,0
669,924,0
669,425,0
669,1081,0
669,1869,0
670,1619,1
670,1574,0
670,1426,0
670,1821,0
670,1873,0
670,328,0
671,427,1
671,1789,0
671,611,0
671,1537,0
671,74,0
671,1765,0
672,1442,1
672,758,0
672,702,0
672,184,0
672,1256,0
672,1389,0
673,1619,1
673,1192,0
673,1722,0
673,1858,0
673,412,0
673,1984,0
674,623,1
674,102,0
674,845,0
674,993,0
674,1529,0
674,1274,0
675,1035,1
675,1614,0
675,1664,0
675,652,0
675,915,0
675,775,0
676,859,1
676,1525,0
676,1007,0
676,1895,0
676,1207,0
676,1682,0
677,982,1
677,1034,0
677,960,0
677,370,0
677,1122,0
677,1011,0
678,1429,1
678,136,0
678,1313,0
678,1577,0
678,1667,0
678,1768,0
679,452,1
679,1562,0
679,896,0
679,600,0
679,1479,0
679,1059,0
680,1807,1
680,30,0
680,1863,0
680,407,0
680,1381,0
680,995,0
681,1886,1
681,1331,0
681,629,0
681,1498,0
681,1348,0
681,1259,0
682,1525,1
682,933,0
682,1081,0
682,1574,0
682,1697,0
682,1579,0
683,390,1
683,398,0
683,1315,0
683,1974,0
683,977,0
683,745,0
684,1664,1
684,1960,0
684,1553,0
684,443,0
684,964,0
684,77,0
685,1619,1
685,1843,0
685,1636,0
685,1007,0
685,276,0
685,476,0
686,1585,1
686,1768,0
686,1844,0
686,1325,0
686,91,0
686,1672,0
687,1591,1
687,1031,0
687,411,0
687,585,0
687,226,0
687,152,0
688,1619,1
688,464,0
688,748,0
688,378,0
688,1041,0
688,184,0
689,982,1
689,1981,0
689,1944,0
689,438,0
689,1855,0
689,70,0
690,943,1
690,1283,0
690,573,0
690,1072,0
690,1648,0
690,413,0
691,711,1
691,1167,0
691,1932,0
691,267,0
691,1468,0
691,1031,0
692,142,1
692,1288,0
692,141,0
692,1474,0
692,857,0
692,201,0
693,1849,1
693,573,0
693,628,0
693,1627,0
693,1223,0
693,1265,0
694,1619,1
694,287,0
694,1361,0
694,1488,0
694,1831,0
694,1643,0
695,1811,1
695,178,0
695,538,0
695,664,0
695,1126,0
695,263,0
696,1627,1
696,684,0
696,1868,0
696,1738,0
696,1692,0
696,1487,0
697,1007,1
697,82,0
697,1599,0
697,1303,0
697,1417,0
697,1645,0
698,1141,1
698,1474,0
698,1030,0
698,993,0
698,1862,0
698,967,0
699,1442,1
699,887,0
699,906,0
699,184,0
699,682,0
699,1943,0
700,859,1
700,748,0
700,1167,0
700,82,0
700,314,0
700,813,0
701,1955,1
701,102,0
701,1362,0
701,57,0
701,1374,0
701,1448,0
702,1886,1
702,665,0
702,813,0
702,1590,0
702,608,0
702,1888,0
703,859,1
703,748,0
703,1525,0
703,896,0
703,1528,0
703,1024,0
704,734,1
704,205,0
704,808,0
704,1850,0
704,1285,0
704,1150,0
705,1220,1
705,1350,0
705,1294,0
705,1775,0
705,127,0
705,1741,0
706,1027,1
706,845,0
706,1710,0
706,842,0
706,677,0
706,980,0
707,427,1
707,109,0
707,1659,0
707,399,0
707,336,0
707,496,0
708,1368,1
708,1498,0
708,92,0
708,1794,0
708,1266,0
708,273,0
709,1574,1
709,1562,0
709,600,0
709,415,0
709,369,0
709,1429,0
710,427,1
710,735,0
710,1515,0
710,516,0
710,1174,0
710,1899,0
711,739,1
711,1246,0
711,110,0
711,258,0
711,1464,0
711,1552,0
712,1619,1
712,674,0
712,1710,0
712,1027,0
712,1651,0
712,832,0
713,1955,1
713,1473,0
713,1101,0
713,102,0
713,1828,0
713,49,0
714,443,1
714,628,0
714,980,0
714,1109,0
714,812,0
714,520,0
715,1843,1
715,1959,0
715,1488,0
715,1192,0
715,1633,0
715,254,0
716,982,1
716,770,0
716,1473,0
716,1715,0
716,1682,0
716,1376,0
717,1886,1
717,1109,0
717,480,0
717,1313,0
717,904,0
717,1425,0
718,1619,1
718,1414,0
718,748,0
718,304,0
718,1505,0
718,506,0
719,1974,1
719,1271,0
719,331,0
719,1789,0
719,514,0
719,1195,0
720,739,1
720,1461,0
720,1170,0
720,1664,0
720,236,0
720,280,0
721,1027,1
721,341,0
721,378,0
721,1155,0
721,1232,0
721,739,0
722,623,1
722,1400,0
722,733,0
722,185,0
722,1031,0
722,440,0
723,1849,1
723,1498,0
723,763,0
723,110,0
723,1055,0
723,952,0
724,859,1
724,970,0
724,1969,0
724,1007,0
724,1313,0
724,543,0
725,1722,1
725,842,0
725,1981,0
725,479,0
725,197,0
725,1914,0
726,1849,1
726,1405,0
726,980,0
726,795,0
726,857,0
726,594,0
727,1619,1
727,731,0
727,1880,0
727,1007,0
727,1096,0
727,1205,0
728,982,1
728,993,0
728,405,0
728,1696,0
728,414,0
728,27,0
729,1442,1
729,998,0
729,1479,0
729,1146,0
729,1422,0
729,820,0
730,711,1
730,1747,0
730,896,0
730,748,0
730,573,0
730,1522,0
731,982,1
731,993,0
731,1241,0
731,845,0
731,382,0
731,1113,0
732,1627,1
732,887,0
732,1368,0
732,1738,0
732,1988,0
732,1592,0
733,1619,1
733,1636,0
733,1932,0
733,1118,0
733,375,0
733,751,0
734,734,1
734,290,0
734,1696,0
734,401,0
734,746,0
734,780,0
735,739,1
735,1730,0
735,1283,0
735,30,0
735,1835,0
735,978,0
736,859,1
736,378,0
736,945,0
736,970,0
736,1836,0
736,985,0
737,982,1
737,945,0
737,1881,0
737,1326,0
737,1507,0
737,989,0
738,739,1
738,134,0
738,1651,0
738,735,0
738,1335,0
738,1718,0
739,1027,1
739,216,0
739,1879,0
739,1733,0
739,1431,0
739,1618,0
740,982,1
740,966,0
740,235,0
740,1241,0
740,524,0
740,1729,0
741,1664,1
741,1873,0
741,1614,0
741,1905,0
741,1666,0
741,1446,0
742,1044,1
742,1562,0
742,1710,0
742,600,0
742,1701,0
742,832,0
743,734,1
743,1696,0
743,1722,0
743,842,0
743,460,0
743,1137,0
744,1849,1
744,980,0
744,332,0
744,628,0
744,645,0
744,1174,0
745,1619,1
745,1636,0
745,1377,0
745,600,0
745,1960,0
745,210,0
746,982,1
746,1139,0
746,1325,0
746,966,0
746,1529,0
746,1048,0
747,1442,1
747,1812,0
747,887,0
747,721,0
747,1969,0
747,656,0
748,1619,1
748,1027,0
748,378,0
748,1525,0
748,794,0
748,1189,0
749,1955,1
749,1400,0
749,919,0
749,1288,0
749,1455,0
749,128,0
750,1886,1
750,1442,0
750,1405,0
750,1183,0
750,1396,0
750,709,0
751,1843,1
751,452,0
751,45,0
751,1710,0
751,543,0
751,1238,0
752,734,1
752,1141,0
752,1289,0
752,844,0
752,1846,0
752,190,0
753,763,1
753,911,0
753,580,0
753,110,0
753,464,0
753,1197,0
754,1451,1
754,886,0
754,859,0
754,637,0
754,126,0
754,802,0
755,1807,1
755,178,0
755,938,0
755,326,0
755,1152,0
755,783,0
756,1849,1
756,1276,0
756,240,0
756,980,0
756,1376,0
756,368,0
757,711,1
757,1710,0
757,1562,0
757,1044,0
757,914,0
757,1125,0
758,1807,1
758,1330,0
758,407,0
758,649,0
758,1349,0
758,1902,0
759,1886,1
759,1054,0
759,36,0
759,240,0
759,631,0
759,1963,0
760,1619,1
760,1673,0
760,415,0
760,1081,0
760,1734,0
760,1024,0
761,142,1
761,546,0
761,363,0
761,956,0
761,498,0
761,79,0
762,1609,1
762,1639,0
762,443,0
762,1919,0
762,1625,0
762,820,0
763,1027,1
763,1377,0
763,1101,0
763,452,0
763,396,0
763,42,0
764,982,1
764,1881,0
764,590,0
764,346,0
764,1347,0
764,826,0
765,1849,1
765,1720,0
765,1405,0
765,1035,0
765,1552,0
765,1296,0
766,1619,1
766,785,0
766,563,0
766,45,0
766,499,0
766,1972,0
767,1722,1
767,1012,0
767,1419,0
767,849,0
767,942,0
767,188,0
768,1849,1
768,943,0
768,443,0
768,60,0
768,816,0
768,1885,0
769,1673,1
769,1488,0
769,785,0
769,1192,0
769,295,0
769,681,0
770,734,1
770,1472,0
770,1215,0
770,1252,0
770,1644,0
770,1016,0
771,517,1
771,1812,0
771,1553,0
771,351,0
771,16,0
771,1784,0
772,1843,1
772,341,0
772,1155,0
772,1821,0
772,1486,0
772,1209,0
773,982,1
773,316,0
773,845,0
773,1278,0
773,866,0
773,1421,0
774,739,1
774,73,0
774,869,0
774,111,0
774,1971,0
774,257,0
775,1959,1
775,1266,0
775,1759,0
775,1870,0
775,866,0
775,1406,0
776,142,1
776,1696,0
776,918,0
776,658,0
776,1396,0
776,303,0
777,739,1
777,1110,0
777,1664,0
777,1331,0
777,194,0
777,1999,0
778,1044,1
778,1562,0
778,1007,0
778,933,0
778,171,0
778,618,0
779,1585,1
779,1807,0
779,734,0
779,1954,0
779,783,0
779,1137,0
780,1849,1
780,906,0
780,1812,0
780,554,0
780,1774,0
780,1203,0
781,919,1
781,1488,0
781,1525,0
781,1241,0
781,718,0
781,792,0
782,1774,1
782,1759,0
782,1451,0
782,146,0
782,1307,0
782,921,0
783,739,1
783,1257,0
783,97,0
783,1886,0
783,44,0
783,484,0
784,1619,1
784,341,0
784,8,0
784,919,0
784,809,0
784,831,0
785,982,1
785,1774,0
785,999,0
785,35,0
785,227,0
785,1154,0
786,406,1
786,258,0
786,628,0
786,1165,0
786,636,0
786,1840,0
787,1574,1
787,250,0
787,970,0
787,1229,0
787,274,0
787,1864,0
788,734,1
788,205,0
788,436,0
788,102,0
788,458,0
788,752,0
789,739,1
789,961,0
789,869,0
789,550,0
789,1926,0
789,93,0
790,711,1
790,82,0
790,1377,0
790,919,0
790,504,0
790,536,0
791,1974,1
791,1567,0
791,1641,0
791,1197,0
791,619,0
791,1505,0
792,739,1
792,393,0
792,813,0
792,1035,0
792,608,0
792,1857,0
793,1673,1
793,1969,0
793,933,0
793,1192,0
793,720,0
793,328,0
794,623,1
794,1139,0
794,990,0
794,999,0
794,1645,0
794,1189,0
795,739,1
795,887,0
795,1664,0
795,1720,0
795,830,0
795,941,0
796,415,1
796,1858,0
796,1426,0
796,1969,0
796,1836,0
796,128,0
797,1955,1
797,1250,0
797,1474,0
797,1067,0
797,85,0
797,1381,0
798,739,1
798,1202,0
798,159,0
798,106,0
798,34,0
798,1366,0
799,1619,1
799,896,0
799,1932,0
799,1488,0
799,1688,0
799,788,0
800,1807,1
800,1360,0
800,1695,0
800,287,0
800,1223,0
800,595,0
801,1664,1
801,1947,0
801,924,0
801,874,0
801,1647,0
801,709,0
802,822,1
802,1969,0
802,1619,0
802,600,0
802,280,0
802,1442,0
803,353,1
803,1091,0
803,1543,0
803,1922,0
803,817,0
803,399,0
804,1849,1
804,110,0
804,1429,0
804,1812,0
804,852,0
804,1792,0
805,1619,1
805,215,0
805,1821,0
805,1118,0
805,234,0
805,1386,0
806,142,1
806,993,0
806,141,0
806,1030,0
806,1078,0
806,1827,0
807,1627,1
807,1498,0
807,795,0
807,1997,0
807,709,0
807,693,0
808,711,1
808,415,0
808,526,0
808,1007,0
808,254,0
808,1035,0
809,390,1
809,68,0
809,364,0
809,1881,0
809,1088,0
809,995,0
810,1720,1
810,943,0
810,23,0
810,665,0
810,867,0
810,722,0
811,1619,1
811,1954,0
811,510,0
811,20,0
811,893,0
811,961,0
812,734,1
812,1326,0
812,1621,0
812,179,0
812,1714,0
812,1640,0
813,1849,1
813,258,0
813,1794,0
813,295,0
813,40,0
813,1741,0
814,1619,1
814,1044,0
814,82,0
814,1463,0
814,189,0
814,1757,0
815,982,1
815,999,0
815,1101,0
815,990,0
815,683,0
815,1122,0
816,1849,1
816,776,0
816,1054,0
816,573,0
816,38,0
816,146,0
817,1574,1
817,896,0
817,1056,0
817,464,0
817,1281,0
817,42,0
818,353,1
818,1854,0
818,1329,0
818,205,0
818,538,0
818,1433,0
819,739,1
819,1812,0
819,1627,0
819,1257,0
819,830,0
819,756,0
820,1619,1
820,267,0
820,452,0
820,1192,0
820,1941,0
820,174,0
821,1585,1
821,1325,0
821,660,0
821,992,0
821,1707,0
821,1840,0
822,1849,1
822,1294,0
822,221,0
822,887,0
822,631,0
822,1182,0
823,1619,1
823,415,0
823,1118,0
823,1784,0
823,200,0
823,1364,0
824,982,1
824,990,0
824,405,0
824,1774,0
824,1008,0
824,1087,0
825,1849,1
825,1294,0
825,1942,0
825,1072,0
825,1005,0
825,932,0
826,859,1
826,1747,0
826,526,0
826,193,0
826,948,0
826,1836,0
827,1141,1
827,253,0
827,1622,0
827,549,0
827,1857,0
827,708,0
828,1368,1
828,36,0
828,240,0
828,1054,0
828,902,0
828,1647,0
829,1574,1
829,1700,0
829,585,0
829,1204,0
829,1198,0
829,1439,0
830,1807,1
830,363,0
830,1399,0
830,287,0
830,819,0
830,1233,0
831,517,1
831,425,0
831,962,0
831,1868,0
831,1015,0
831,497,0
832,1619,1
832,1693,0
832,896,0
832,1636,0
832,1438,0
832,1725,0
833,982,1
833,1437,0
833,1326,0
833,842,0
833,451,0
833,1751,0
834,1627,1
834,1960,0
834,1165,0
834,924,0
834,1703,0
834,1119,0
835,1843,1
835,20,0
835,1377,0
835,415,0
835,313,0
835,758,0
836,1585,1
836,1722,0
836,1915,0
836,1807,0
836,1195,0
836,1421,0
837,1664,1
837,1960,0
837,554,0
837,92,0
837,886,0
837,1083,0
838,1843,1
838,378,0
838,600,0
838,1426,0
838,948,0
838,1024,0
839,1955,1
839,1104,0
839,660,0
839,1991,0
839,1557,0
839,1751,0
840,1886,1
840,1942,0
840,295,0
840,1405,0
840,1784,0
840,968,0
841,711,1
841,896,0
841,945,0
841,1619,0
841,1306,0
841,1170,0
842,982,1
842,1510,0
842,1881,0
842,1287,0
842,1855,0
842,1381,0
843,943,1
843,647,0
843,295,0
843,36,0
843,521,0
843,1605,0
844,1619,1
844,919,0
844,1377,0
844,822,0
844,274,0
844,640,0
845,982,1
845,1774,0
845,1456,0
845,1900,0
845,159,0
845,757,0
846,1442,1
846,776,0
846,1165,0
846,1479,0
846,719,0
846,1610,0
847,1619,1
847,637,0
847,563,0
847,304,0
847,936,0
847,1054,0
848,1585,1
848,993,0
848,956,0
848,327,0
848,496,0
848,1174,0
849,739,1
849,1688,0
849,356,0
849,36,0
849,354,0
849,686,0
850,822,1
850,1093,0
850,1730,0
850,1192,0
850,74,0
850,165,0
851,102,1
851,1546,0
851,842,0
851,370,0
851,854,0
851,1373,0
852,1886,1
852,1498,0
852,758,0
852,1942,0
852,20,0
852,167,0
853,1619,1
853,1693,0
853,82,0
853,637,0
853,994,0
853,1179,0
854,982,1
854,1278,0
854,1241,0
854,1400,0
854,1818,0
854,534,0
855,1220,1
855,388,0
855,73,0
855,536,0
855,349,0
855,90,0
856,919,1
856,1955,0
856,1398,0
856,1858,0
856,1984,0
856,147,0
857,1722,1
857,1289,0
857,479,0
857,327,0
857,373,0
857,1894,0
858,1886,1
858,1479,0
858,554,0
858,1516,0
858,183,0
858,706,0
859,834,1
859,919,0
859,1922,0
859,1398,0
859,1110,0
859,1128,0
860,1141,1
860,1992,0
860,548,0
860,253,0
860,1483,0
860,1914,0
861,1886,1
861,1868,0
861,1331,0
861,887,0
861,1848,0
861,22,0
862,1619,1
862,1007,0
862,1192,0
862,1266,0
862,425,0
862,837,0
863,1811,1
863,1399,0
863,1019,0
863,1869,0
863,461,0
863,1004,0
864,739,1
864,1947,0
864,92,0
864,1276,0
864,1126,0
864,542,0
865,1619,1
865,1784,0
865,8,0
865,1027,0
865,1942,0
865,1380,0
866,479,1
866,575,0
866,1907,0
866,908,0
866,1677,0
866,342,0
867,1183,1
867,887,0
867,1868,0
867,721,0
867,1,0
867,1120,0
868,1619,1
868,1747,0
868,267,0
868,1562,0
868,942,0
868,837,0
869,1585,1
869,1880,0
869,956,0
869,327,0
869,1680,0
869,1865,0
870,1442,1
870,1942,0
870,1627,0
870,795,0
870,1182,0
870,76,0
871,1574,1
871,1093,0
871,1007,0
871,378,0
871,1220,0
871,1226,0
872,142,1
872,1863,0
872,1548,0
872,882,0
872,508,0
872,1418,0
873,739,1
873,92,0
873,1651,0
873,1047,0
873,442,0
873,1790,0
874,20,1
874,1204,0
874,1389,0
874,452,0
874,940,0
874,646,0
875,390,1
875,585,0
875,731,0
875,1907,0
875,201,0
875,662,0
876,1886,1
876,961,0
876,1183,0
876,795,0
876,746,0
876,784,0
877,1619,1
877,1895,0
877,1377,0
877,1007,0
877,1923,0
877,905,0
878,623,1
878,1881,0
878,1027,0
878,1770,0
878,618,0
878,151,0
879,735,1
879,547,0
879,1794,0
879,1262,0
879,219,0
879,569,0
880,1619,1
880,1525,0
880,1167,0
880,156,0
880,617,0
880,1645,0
881,1974,1
881,993,0
881,327,0
881,660,0
881,249,0
881,1818,0
882,1183,1
882,295,0
882,1498,0
882,430,0
882,1667,0
882,1555,0
883,1843,1
883,341,0
883,1167,0
883,845,0
883,1956,0
883,781,0
884,1585,1
884,808,0
884,1178,0
884,1463,0
884,238,0
884,40,0
885,1886,1
885,184,0
885,1294,0
885,628,0
885,1166,0
885,648,0
886,1451,1
886,1414,0
886,1599,0
886,933,0
886,496,0
886,1799,0
887,1955,1
887,437,0
887,808,0
887,771,0
887,1011,0
887,821,0
888,1849,1
888,1276,0
888,1812,0
888,499,0
888,1893,0
888,1116,0
889,1619,1
889,177,0
889,1214,0
889,1177,0
889,541,0
889,129,0
890,623,1
890,1326,0
890,74,0
890,549,0
890,1233,0
890,875,0
891,739,1
891,652,0
891,1170,0
891,550,0
891,84,0
891,1034,0
892,1619,1
892,378,0
892,1545,0
892,1155,0
892,1331,0
892,365,0
893,982,1
893,405,0
893,438,0
893,1733,0
893,271,0
893,461,0
894,739,1
894,1627,0
894,122,0
894,443,0
894,619,0
894,1852,0
895,1730,1
895,1574,0
895,1659,0
895,649,0
895,985,0
895,722,0
896,982,1
896,1326,0
896,216,0
896,768,0
896,286,0
896,1753,0
897,554,1
897,573,0
897,270,0
897,665,0
897,1413,0
897,557,0
898,415,1
898,1821,0
898,1303,0
898,1636,0
898,1838,0
898,1616,0
899,1811,1
899,399,0
899,1659,0
899,427,0
899,1711,0
899,486,0
900,1849,1
900,73,0
900,147,0
900,1910,0
900,1055,0
900,1634,0
901,1574,1
901,1488,0
901,1730,0
901,326,0
901,751,0
901,15,0
902,982,1
902,1733,0
902,703,0
902,185,0
902,1914,0
902,863,0
903,735,1
903,903,0
903,294,0
903,1406,0
903,94,0
903,1715,0
904,1619,1
904,1303,0
904,1747,0
904,896,0
904,1458,0
904,1873,0
905,1019,1
905,1863,0
905,642,0
905,1399,0
905,190,0
905,1649,0
906,1886,1
906,906,0
906,1294,0
906,943,0
906,341,0
906,1192,0
907,1619,1
907,1932,0
907,859,0
907,378,0
907,1875,0
907,209,0
908,1585,1
908,1472,0
908,1621,0
908,881,0
908,456,0
908,1557,0
909,258,1
909,62,0
909,504,0
909,210,0
909,898,0
909,39,0
910,1619,1
910,1192,0
910,1398,0
910,1545,0
910,1542,0
910,1327,0
911,982,1
911,1626,0
911,960,0
911,834,0
911,634,0
911,1642,0
912,1442,1
912,221,0
912,1738,0
912,1812,0
912,923,0
912,43,0
913,1619,1
913,1858,0
913,1081,0
913,1673,0
913,25,0
913,332,0
914,982,1
914,1123,0
914,1981,0
914,501,0
914,868,0
914,165,0
915,629,1
915,1953,0
915,1286,0
915,222,0
915,497,0
915,1552,0
916,1619,1
916,119,0
916,1843,0
916,193,0
916,1830,0
916,979,0
917,1807,1
917,1177,0
917,111,0
917,953,0
917,699,0
917,1674,0
918,739,1
918,1276,0
918,1614,0
918,110,0
918,262,0
918,1449,0
919,1619,1
919,119,0
919,933,0
919,1821,0
919,1232,0
919,1579,0
920,1585,1
920,1289,0
920,1974,0
920,1474,0
920,1717,0
920,384,0
921,1849,1
921,147,0
921,1498,0
921,869,0
921,340,0
921,484,0
922,1619,1
922,82,0
922,20,0
922,1673,0
922,100,0
922,1109,0
923,734,1
923,659,0
923,1029,0
923,57,0
923,157,0
923,1199,0
924,739,1
924,1614,0
924,134,0
924,1047,0
924,362,0
924,1594,0
925,415,1
925,452,0
925,1081,0
925,1858,0
925,395,0
925,180,0
926,1722,1
926,1752,0
926,1030,0
926,723,0
926,643,0
926,1581,0
927,1849,1
927,1313,0
927,665,0
927,134,0
927,1675,0
927,90,0
928,1619,1
928,842,0
928,822,0
928,1895,0
928,221,0
928,913,0
929,1585,1
929,1065,0
929,105,0
929,768,0
929,1113,0
929,1191,0
930,1442,1
930,36,0
930,184,0
930,425,0
930,793,0
930,1052,0
931,859,1
931,1784,0
931,1747,0
931,1266,0
931,1676,0
931,23,0
932,982,1
932,1101,0
932,1770,0
932,660,0
932,1707,0
932,197,0
933,1886,1
933,924,0
933,1873,0
933,998,0
933,1636,0
933,1877,0
934,1451,1
934,1673,0
934,1266,0
934,711,0
934,147,0
934,788,0
935,623,1
935,327,0
935,1621,0
935,925,0
935,1450,0
935,191,0
936,1886,1
936,850,0
936,1960,0
936,480,0
936,534,0
936,743,0
937,415,1
937,1303,0
937,119,0
937,1821,0
937,794,0
937,671,0
938,982,1
938,1626,0
938,945,0
938,1108,0
938,597,0
938,802,0
939,1886,1
939,684,0
939,887,0
939,1738,0
939,968,0
939,372,0
940,1619,1
940,748,0
940,1710,0
940,1858,0
940,443,0
940,1327,0
941,1807,1
941,1361,0
941,363,0
941,215,0
941,1938,0
941,841,0
942,1886,1
942,1553,0
942,184,0
942,850,0
942,1074,0
942,1265,0
943,1315,1
943,423,0
943,1895,0
943,1093,0
943,1670,0
943,1364,0
944,1881,1
944,982,0
944,1621,0
944,1400,0
944,1124,0
944,1668,0
945,1664,1
945,1313,0
945,1429,0
945,924,0
945,1367,0
945,1264,0
946,415,1
946,1932,0
946,822,0
946,1747,0
946,1725,0
946,714,0
947,1722,1
947,1648,0
947,479,0
947,1715,0
947,1446,0
947,1429,0
948,1886,1
948,1109,0
948,1553,0
948,1960,0
948,168,0
948,261,0
949,1619,1
949,1599,0
949,1562,0
949,489,0
949,757,0
949,691,0
950,1382,1
950,1114,0
950,1807,0
950,1330,0
950,1790,0
950,786,0
951,1442,1
951,147,0
951,961,0
951,1313,0
951,482,0
951,1192,0
952,1619,1
952,1784,0
952,1377,0
952,1685,0
952,455,0
952,1284,0
953,1955,1
953,768,0
953,808,0
953,1065,0
953,1825,0
953,1339,0
954,1849,1
954,1794,0
954,776,0
954,906,0
954,1889,0
954,871,0
955,1582,1
955,1907,0
955,1659,0
955,178,0
955,998,0
955,449,0
956,982,1
956,770,0
956,1326,0
956,1030,0
956,854,0
956,202,0
957,406,1
957,92,0
957,295,0
957,906,0
957,1737,0
957,164,0
958,415,1
958,674,0
958,156,0
958,1007,0
958,393,0
958,110,0
959,982,1
959,686,0
959,1752,0
959,760,0
959,453,0
959,1744,0
960,1886,1
960,240,0
960,1165,0
960,332,0
960,1866,0
960,1778,0
961,1673,1
961,45,0
961,20,0
961,1858,0
961,640,0
961,850,0
962,390,1
962,806,0
962,925,0
962,1693,0
962,632,0
962,958,0
963,739,1
963,1368,0
963,1688,0
963,227,0
963,446,0
963,1341,0
964,1574,1
964,1118,0
964,1044,0
964,600,0
964,1195,0
964,129,0
965,390,1
965,215,0
965,289,0
965,1863,0
965,710,0
965,3,0
966,739,1
966,469,0
966,987,0
966,92,0
966,1348,0
966,1864,0
967,1574,1
967,1229,0
967,585,0
967,1952,0
967,21,0
967,4,0
968,1585,1
968,956,0
968,1066,0
968,1770,0
968,107,0
968,1100,0
969,1664,1
969,295,0
969,795,0
969,961,0
969,631,0
969,960,0
970,1843,1
970,1658,0
970,361,0
970,65,0
970,1651,0
970,1697,0
971,390,1
971,1308,0
971,316,0
971,1241,0
971,1199,0
971,632,0
972,1368,1
972,924,0
972,1442,0
972,1812,0
972,112,0
972,1823,0
973,834,1
973,845,0
973,1241,0
973,442,0
973,1607,0
973,79,0
974,1807,1
974,111,0
974,881,0
974,546,0
974,1088,0
974,569,0
975,1849,1
975,1059,0
975,795,0
975,961,0
975,315,0
975,223,0
976,1619,1
976,1636,0
976,822,0
976,1081,0
976,541,0
976,1512,0
977,982,1
977,1922,0
977,1959,0
977,845,0
977,1448,0
977,1379,0
978,406,1
978,980,0
978,887,0
978,850,0
978,1352,0
978,1459,0
979,1673,1
979,748,0
979,8,0
979,1007,0
979,1793,0
979,375,0
980,549,1
980,1289,0
980,472,0
980,660,0
980,229,0
980,1856,0
981,739,1
981,1035,0
981,73,0
981,1054,0
981,648,0
981,262,0
982,1027,1
982,1340,0
982,82,0
982,1969,0
982,739,0
982,1976,0
983,938,1
983,113,0
983,383,0
983,1700,0
983,1417,0
983,1893,0
984,1886,1
984,739,0
984,536,0
984,1054,0
984,627,0
984,1684,0
985,1619,1
985,252,0
985,1747,0
985,82,0
985,180,0
985,718,0
986,623,1
986,1067,0
986,1435,0
986,1139,0
986,1152,0
986,514,0
987,1886,1
987,758,0
987,776,0
987,1331,0
987,645,0
987,1779,0
988,1619,1
988,879,0
988,1599,0
988,378,0
988,1905,0
988,887,0
989,549,1
989,1065,0
989,660,0
989,102,0
989,915,0
989,350,0
990,1627,1
990,73,0
990,850,0
990,536,0
990,891,0
990,1113,0
991,1843,1
991,45,0
991,834,0
991,1959,0
991,1374,0
991,1565,0
992,734,1
992,185,0
992,1473,0
992,290,0
992,49,0
992,757,0
993,1886,1
993,1405,0
993,1165,0
993,1942,0
993,562,0
993,1668,0
994,919,1
994,1103,0
994,1990,0
994,879,0
994,1901,0
994,1577,0
995,982,1
995,420,0
995,1419,0
995,812,0
995,157,0
995,1890,0
996,1849,1
996,1498,0
996,1720,0
996,943,0
996,130,0
996,1496,0
997,1619,1
997,452,0
997,1377,0
997,1932,0
997,624,0
997,615,0
998,623,1
998,290,0
998,1554,0
998,1400,0
998,1485,0
998,1941,0
999,1627,1
999,73,0
999,480,0
999,1942,0
999,1126,0
999,1422,0
